thing/product/drone001/osd,"{""elevation"": 5.758013752800376, ""gear"": 2, ""height"": 49.602601699310185, ""height_limit"": 70, ""home_distance"": 0.5025718613918273, ""horizontal_speed"": 7.631556670044984, ""is_near_area_limit"": 0, ""is_near_height_limit"": 1, ""latitude"": 31.975641927212504, ""longitude"": 35.825711023331046, ""rc_lost_action"": 2, ""rid_state"": false, ""rth_altitude"": 19.842519101678437, ""storage"": {""total"": 28443383.44436875, ""used"": 1425.69776651785}, ""total_flight_distance"": 143.82662019275693, ""total_flight_sorties"": 6, ""total_flight_time"": 211.44467363584863, ""track_id"": """", ""vertical_speed"": 2.1696927070117074, ""wind_direction"": 54, ""wind_speed"": 2.891621426562021}"
thing/product/drone002/osd,"{""elevation"": 3.7904531430034503, ""gear"": 0, ""height"": 44.66019601213621, ""height_limit"": 70, ""home_distance"": 0.7483626918828494, ""horizontal_speed"": 7.401932759293325, ""is_near_area_limit"": 1, ""is_near_height_limit"": 1, ""latitude"": 31.9779130861489, ""longitude"": 35.824851251338494, ""rc_lost_action"": 2, ""rid_state"": false, ""rth_altitude"": 24.653191559845787, ""storage"": {""total"": 59923239.03018268, ""used"": 943.8474927277018}, ""total_flight_distance"": 600.7735315156145, ""total_flight_sorties"": 10, ""total_flight_time"": 233.9231049951066, ""track_id"": """", ""vertical_speed"": 4.9531609099918015, ""wind_direction"": 127, ""wind_speed"": 9.477138316514782}"
thing/product/drone003/osd,"{""elevation"": 2.8581358206781693, ""gear"": 0, ""height"": 30.564606886208043, ""height_limit"": 70, ""home_distance"": 0.38962334611859206, ""horizontal_speed"": 14.6352319029835, ""is_near_area_limit"": 0, ""is_near_height_limit"": 1, ""latitude"": 31.975072956798318, ""longitude"": 35.83407097767961, ""rc_lost_action"": 2, ""rid_state"": false, ""rth_altitude"": 24.697458657794634, ""storage"": {""total"": 12369486.915174697, ""used"": 1959.0636939383671}, ""total_flight_distance"": 384.3887384243867, ""total_flight_sorties"": 19, ""total_flight_time"": 590.8755509666908, ""track_id"": """", ""vertical_speed"": -2.0719819537501527, ""wind_direction"": 337, ""wind_speed"": 16.353565554490157}"
thing/product/drone004/osd,"{""elevation"": 6.938731207564811, ""gear"": 3, ""height"": 34.122997596423865, ""height_limit"": 70, ""home_distance"": 0.5028484075913731, ""horizontal_speed"": 8.40232431102999, ""is_near_area_limit"": 0, ""is_near_height_limit"": 1, ""latitude"": 31.974610571043552, ""longitude"": 35.82483547690685, ""rc_lost_action"": 2, ""rid_state"": false, ""rth_altitude"": 23.219228644533693, ""storage"": {""total"": 10428719.23895754, ""used"": 486.6723045018164}, ""total_flight_distance"": 605.2228001436961, ""total_flight_sorties"": 1, ""total_flight_time"": 344.750031708409, ""track_id"": """", ""vertical_speed"": 1.5204078633997007, ""wind_direction"": 91, ""wind_speed"": 16.09260409179005}"
thing/product/drone005/osd,"{""elevation"": 2.959729444315463, ""gear"": 3, ""height"": 64.73773994216207, ""height_limit"": 70, ""home_distance"": 0.08448629740848279, ""horizontal_speed"": 3.3901042067251836, ""is_near_area_limit"": 0, ""is_near_height_limit"": 0, ""latitude"": 31.98795736451219, ""longitude"": 35.83474695681563, ""rc_lost_action"": 0, ""rid_state"": false, ""rth_altitude"": 18.693206818553097, ""storage"": {""total"": 25777302.403183024, ""used"": 200.93877011941606}, ""total_flight_distance"": 332.3767476511166, ""total_flight_sorties"": 2, ""total_flight_time"": 360.6247896606237, ""track_id"": """", ""vertical_speed"": 3.1181281163386636, ""wind_direction"": 140, ""wind_speed"": 11.06110422796937}"
thing/product/drone006/osd,"{""elevation"": 7.3564389432932975, ""gear"": 1, ""height"": 52.539192243534245, ""height_limit"": 70, ""home_distance"": 0.2806630079730843, ""horizontal_speed"": 6.506849010937621, ""is_near_area_limit"": 1, ""is_near_height_limit"": 1, ""latitude"": 31.976021747689764, ""longitude"": 35.8312853027681, ""rc_lost_action"": 1, ""rid_state"": true, ""rth_altitude"": 16.074120249417952, ""storage"": {""total"": 54364160.82949616, ""used"": 184.80945956085117}, ""total_flight_distance"": 561.0363710234037, ""total_flight_sorties"": 5, ""total_flight_time"": 696.035757549482, ""track_id"": """", ""vertical_speed"": 2.3285941281400504, ""wind_direction"": 140, ""wind_speed"": 0.891528318967596}"
thing/product/drone007/osd,"{""elevation"": 3.116744002059695, ""gear"": 3, ""height"": 7.284816647311016, ""height_limit"": 70, ""home_distance"": 0.6972556823461942, ""horizontal_speed"": 13.596814930228557, ""is_near_area_limit"": 0, ""is_near_height_limit"": 0, ""latitude"": 31.985035200410017, ""longitude"": 35.82566254248962, ""rc_lost_action"": 1, ""rid_state"": true, ""rth_altitude"": 22.60862801220457, ""storage"": {""total"": 41983865.70690643, ""used"": 866.9489439633891}, ""total_flight_distance"": 309.1191961792299, ""total_flight_sorties"": 9, ""total_flight_time"": 240.69852331863262, ""track_id"": """", ""vertical_speed"": -1.968991122354332, ""wind_direction"": 219, ""wind_speed"": 1.245116703380038}"
thing/product/drone008/osd,"{""elevation"": 5.078316193254617, ""gear"": 0, ""height"": 13.506315854240135, ""height_limit"": 70, ""home_distance"": 0.3229526405457356, ""horizontal_speed"": 6.161543700467699, ""is_near_area_limit"": 0, ""is_near_height_limit"": 1, ""latitude"": 31.981061815409355, ""longitude"": 35.833715000462085, ""rc_lost_action"": 0, ""rid_state"": true, ""rth_altitude"": 15.83909086903462, ""storage"": {""total"": 41895551.63548963, ""used"": 905.1866066688359}, ""total_flight_distance"": 368.51335227499624, ""total_flight_sorties"": 20, ""total_flight_time"": 486.82979253385486, ""track_id"": """", ""vertical_speed"": -4.974557936858631, ""wind_direction"": 190, ""wind_speed"": 2.270260636693613}"
thing/product/drone009/osd,"{""elevation"": 1.0274926599396828, ""gear"": 0, ""height"": 25.70256091859234, ""height_limit"": 70, ""home_distance"": 0.7244141413096532, ""horizontal_speed"": 6.331275196278759, ""is_near_area_limit"": 1, ""is_near_height_limit"": 1, ""latitude"": 31.977719409126156, ""longitude"": 35.82892514963483, ""rc_lost_action"": 1, ""rid_state"": false, ""rth_altitude"": 22.256656363902508, ""storage"": {""total"": 57659869.26636768, ""used"": 966.4618940564136}, ""total_flight_distance"": 871.0505641889965, ""total_flight_sorties"": 2, ""total_flight_time"": 646.9216542194094, ""track_id"": """", ""vertical_speed"": -4.9900408509331795, ""wind_direction"": 290, ""wind_speed"": 1.3290743903194469}"
thing/product/drone010/osd,"{""elevation"": 9.021785972711312, ""gear"": 1, ""height"": 30.267065334861208, ""height_limit"": 70, ""home_distance"": 0.8339384844918633, ""horizontal_speed"": 13.547220568107832, ""is_near_area_limit"": 1, ""is_near_height_limit"": 1, ""latitude"": 31.968285344192566, ""longitude"": 35.82309375165587, ""rc_lost_action"": 0, ""rid_state"": false, ""rth_altitude"": 23.84098871598753, ""storage"": {""total"": 35882232.02820165, ""used"": 225.78049797445442}, ""total_flight_distance"": 878.6156610327356, ""total_flight_sorties"": 6, ""total_flight_time"": 139.3942209130239, ""track_id"": """", ""vertical_speed"": 4.259196515946801, ""wind_direction"": 186, ""wind_speed"": 10.578850736215774}"
thing/product/drone011/osd,"{""elevation"": 0.5534722863624886, ""gear"": 2, ""height"": 50.67098351287469, ""height_limit"": 70, ""home_distance"": 0.09111313654309372, ""horizontal_speed"": 2.3869158987384353, ""is_near_area_limit"": 1, ""is_near_height_limit"": 1, ""latitude"": 31.97779586977937, ""longitude"": 35.82853351931448, ""rc_lost_action"": 2, ""rid_state"": false, ""rth_altitude"": 15.356122483947857, ""storage"": {""total"": 56712945.35621765, ""used"": 91.33999474214404}, ""total_flight_distance"": 476.254980395718, ""total_flight_sorties"": 16, ""total_flight_time"": 15.551054343922122, ""track_id"": """", ""vertical_speed"": 4.5169827693895925, ""wind_direction"": 278, ""wind_speed"": 8.348999213885772}"
thing/product/drone012/osd,"{""elevation"": 9.13440426939237, ""gear"": 2, ""height"": 22.16247658622702, ""height_limit"": 70, ""home_distance"": 0.43500061145991564, ""horizontal_speed"": 0.7395809189285513, ""is_near_area_limit"": 0, ""is_near_height_limit"": 0, ""latitude"": 31.979148154160775, ""longitude"": 35.83979564245183, ""rc_lost_action"": 0, ""rid_state"": false, ""rth_altitude"": 16.133535699489506, ""storage"": {""total"": 39642839.51438677, ""used"": 715.2378291928508}, ""total_flight_distance"": 71.88693913007992, ""total_flight_sorties"": 8, ""total_flight_time"": 506.7582017839133, ""track_id"": """", ""vertical_speed"": -2.0254969350098504, ""wind_direction"": 16, ""wind_speed"": 8.605211703362114}"
thing/product/drone013/osd,"{""elevation"": 8.292054878113264, ""gear"": 3, ""height"": 0.6395147812227553, ""height_limit"": 70, ""home_distance"": 0.42669409915057066, ""horizontal_speed"": 6.488362861418236, ""is_near_area_limit"": 0, ""is_near_height_limit"": 1, ""latitude"": 31.976490506185467, ""longitude"": 35.82318234557269, ""rc_lost_action"": 1, ""rid_state"": true, ""rth_altitude"": 18.536582181450463, ""storage"": {""total"": 11238643.921653638, ""used"": 505.9346409133192}, ""total_flight_distance"": 857.5765039750653, ""total_flight_sorties"": 10, ""total_flight_time"": 729.8222932890826, ""track_id"": """", ""vertical_speed"": -4.413673446517157, ""wind_direction"": 35, ""wind_speed"": 6.24468422966369}"
thing/product/drone014/osd,"{""elevation"": 3.7603019942816083, ""gear"": 0, ""height"": 12.286294383241733, ""height_limit"": 70, ""home_distance"": 0.9203676919745135, ""horizontal_speed"": 6.629925951352607, ""is_near_area_limit"": 0, ""is_near_height_limit"": 0, ""latitude"": 31.97235835037288, ""longitude"": 35.833154570235685, ""rc_lost_action"": 0, ""rid_state"": true, ""rth_altitude"": 17.26950626366108, ""storage"": {""total"": 32403463.918417294, ""used"": 1699.3308807784201}, ""total_flight_distance"": 507.56902611435106, ""total_flight_sorties"": 8, ""total_flight_time"": 757.19250683542, ""track_id"": """", ""vertical_speed"": 0.16705113184754428, ""wind_direction"": 23, ""wind_speed"": 9.014597018864398}"
thing/product/drone015/osd,"{""elevation"": 8.453695180244349, ""gear"": 1, ""height"": 63.657434033927544, ""height_limit"": 70, ""home_distance"": 0.43945238448106927, ""horizontal_speed"": 4.336942455178722, ""is_near_area_limit"": 0, ""is_near_height_limit"": 0, ""latitude"": 31.968447987251338, ""longitude"": 35.82467772008844, ""rc_lost_action"": 0, ""rid_state"": false, ""rth_altitude"": 17.484109051797432, ""storage"": {""total"": 41844387.66151951, ""used"": 532.4241101887026}, ""total_flight_distance"": 509.77180517383346, ""total_flight_sorties"": 0, ""total_flight_time"": 841.4667686673796, ""track_id"": """", ""vertical_speed"": 4.594928726414505, ""wind_direction"": 316, ""wind_speed"": 12.269436218298866}"
thing/product/drone016/osd,"{""elevation"": 3.862569796761618, ""gear"": 3, ""height"": 37.321111704447624, ""height_limit"": 70, ""home_distance"": 0.41847971296222963, ""horizontal_speed"": 13.921394914492303, ""is_near_area_limit"": 0, ""is_near_height_limit"": 1, ""latitude"": 31.987471336525633, ""longitude"": 35.8346184418134, ""rc_lost_action"": 2, ""rid_state"": true, ""rth_altitude"": 24.654380224756373, ""storage"": {""total"": 48926301.73688915, ""used"": 1485.0621454044885}, ""total_flight_distance"": 512.9220782362688, ""total_flight_sorties"": 15, ""total_flight_time"": 509.3933632311985, ""track_id"": """", ""vertical_speed"": 3.14803760993731, ""wind_direction"": 229, ""wind_speed"": 7.774509364147351}"
thing/product/drone017/osd,"{""elevation"": 3.619934926915297, ""gear"": 2, ""height"": 4.498751052119225, ""height_limit"": 70, ""home_distance"": 0.15158911104562633, ""horizontal_speed"": 12.021215255749148, ""is_near_area_limit"": 1, ""is_near_height_limit"": 1, ""latitude"": 31.97619356029088, ""longitude"": 35.822633093157656, ""rc_lost_action"": 1, ""rid_state"": false, ""rth_altitude"": 15.361943041297849, ""storage"": {""total"": 16086808.027558656, ""used"": 1774.1754823105218}, ""total_flight_distance"": 508.30643431237434, ""total_flight_sorties"": 20, ""total_flight_time"": 4.08936344543176, ""track_id"": """", ""vertical_speed"": -1.6152718310686067, ""wind_direction"": 41, ""wind_speed"": 14.45556568780622}"
thing/product/drone018/osd,"{""elevation"": 4.600674141468084, ""gear"": 0, ""height"": 14.280949143341404, ""height_limit"": 70, ""home_distance"": 0.8195881977344112, ""horizontal_speed"": 9.136857207349456, ""is_near_area_limit"": 0, ""is_near_height_limit"": 0, ""latitude"": 31.97871972043951, ""longitude"": 35.83924440478731, ""rc_lost_action"": 1, ""rid_state"": true, ""rth_altitude"": 24.528751336957665, ""storage"": {""total"": 28868279.20492448, ""used"": 512.873928635543}, ""total_flight_distance"": 845.6920460242405, ""total_flight_sorties"": 10, ""total_flight_time"": 510.7457797532813, ""track_id"": """", ""vertical_speed"": -1.068889061470065, ""wind_direction"": 116, ""wind_speed"": 5.984797108824777}"
thing/product/drone019/osd,"{""elevation"": 4.77361058699345, ""gear"": 1, ""height"": 25.526820272932977, ""height_limit"": 70, ""home_distance"": 0.3808926240581306, ""horizontal_speed"": 6.343549868914835, ""is_near_area_limit"": 1, ""is_near_height_limit"": 1, ""latitude"": 31.978058909382987, ""longitude"": 35.83710482217069, ""rc_lost_action"": 1, ""rid_state"": false, ""rth_altitude"": 15.543904077055508, ""storage"": {""total"": 34108556.69432472, ""used"": 1287.260230075595}, ""total_flight_distance"": 100.36430186533862, ""total_flight_sorties"": 7, ""total_flight_time"": 161.9238765366774, ""track_id"": """", ""vertical_speed"": -0.7204747625659946, ""wind_direction"": 275, ""wind_speed"": 1.6214817882430466}"
thing/product/drone020/osd,"{""elevation"": 1.392564740675214, ""gear"": 0, ""height"": 49.11156487673895, ""height_limit"": 70, ""home_distance"": 0.21649685524244044, ""horizontal_speed"": 12.330551818745272, ""is_near_area_limit"": 1, ""is_near_height_limit"": 0, ""latitude"": 31.986757609042012, ""longitude"": 35.839929603014546, ""rc_lost_action"": 1, ""rid_state"": true, ""rth_altitude"": 20.08852460321621, ""storage"": {""total"": 28870824.550799012, ""used"": 514.1377175328312}, ""total_flight_distance"": 520.1837610235293, ""total_flight_sorties"": 3, ""total_flight_time"": 303.25984693961306, ""track_id"": """", ""vertical_speed"": 0.7253604938137173, ""wind_direction"": 232, ""wind_speed"": 2.8033878881727503}"
thing/product/drone021/osd,"{""elevation"": 1.3381101760246472, ""gear"": 3, ""height"": 50.3296191931858, ""height_limit"": 70, ""home_distance"": 0.638643500345034, ""horizontal_speed"": 9.309599700624279, ""is_near_area_limit"": 1, ""is_near_height_limit"": 0, ""latitude"": 31.97008970462391, ""longitude"": 35.82552393760256, ""rc_lost_action"": 0, ""rid_state"": true, ""rth_altitude"": 21.211173531242206, ""storage"": {""total"": 27065593.483315803, ""used"": 1879.7430485075831}, ""total_flight_distance"": 510.99471414522833, ""total_flight_sorties"": 14, ""total_flight_time"": 744.2162074727315, ""track_id"": """", ""vertical_speed"": 4.587137844846968, ""wind_direction"": 13, ""wind_speed"": 4.661677027543451}"
thing/product/drone022/osd,"{""elevation"": 1.7533230295732383, ""gear"": 0, ""height"": 33.89637808809937, ""height_limit"": 70, ""home_distance"": 0.8976314465488479, ""horizontal_speed"": 11.666775241709512, ""is_near_area_limit"": 0, ""is_near_height_limit"": 0, ""latitude"": 31.98544130354738, ""longitude"": 35.83191858997714, ""rc_lost_action"": 0, ""rid_state"": false, ""rth_altitude"": 23.25369147252127, ""storage"": {""total"": 41767584.86443585, ""used"": 99.84597650942307}, ""total_flight_distance"": 476.9801402487163, ""total_flight_sorties"": 2, ""total_flight_time"": 816.8762417943144, ""track_id"": """", ""vertical_speed"": -1.5261063175848264, ""wind_direction"": 65, ""wind_speed"": 11.268748284086858}"
thing/product/drone023/osd,"{""elevation"": 5.991348887303303, ""gear"": 1, ""height"": 0.41635231318685184, ""height_limit"": 70, ""home_distance"": 0.9076127054507573, ""horizontal_speed"": 12.775151372953179, ""is_near_area_limit"": 0, ""is_near_height_limit"": 0, ""latitude"": 31.97761239176833, ""longitude"": 35.83691177243364, ""rc_lost_action"": 0, ""rid_state"": true, ""rth_altitude"": 24.372399576456527, ""storage"": {""total"": 34720121.4976975, ""used"": 1153.436002890785}, ""total_flight_distance"": 542.7018660935304, ""total_flight_sorties"": 10, ""total_flight_time"": 912.3769422224746, ""track_id"": """", ""vertical_speed"": 4.73743490721729, ""wind_direction"": 63, ""wind_speed"": 1.3183750682635065}"
thing/product/drone024/osd,"{""elevation"": 1.1163334785083812, ""gear"": 1, ""height"": 54.44720332819644, ""height_limit"": 70, ""home_distance"": 0.10378386234406223, ""horizontal_speed"": 2.228161611100152, ""is_near_area_limit"": 0, ""is_near_height_limit"": 1, ""latitude"": 31.983536157114067, ""longitude"": 35.83167745266865, ""rc_lost_action"": 1, ""rid_state"": true, ""rth_altitude"": 20.916069746237067, ""storage"": {""total"": 11017970.987344226, ""used"": 1328.4367756639954}, ""total_flight_distance"": 789.5007603567461, ""total_flight_sorties"": 15, ""total_flight_time"": 500.35047424492166, ""track_id"": """", ""vertical_speed"": 1.635682370117241, ""wind_direction"": 288, ""wind_speed"": 5.164570670622295}"
thing/product/drone025/osd,"{""elevation"": 4.41611579767629, ""gear"": 2, ""height"": 66.74211804154625, ""height_limit"": 70, ""home_distance"": 0.06501766892919358, ""horizontal_speed"": 1.6634918374633534, ""is_near_area_limit"": 0, ""is_near_height_limit"": 0, ""latitude"": 31.980928936518296, ""longitude"": 35.840163364316844, ""rc_lost_action"": 0, ""rid_state"": false, ""rth_altitude"": 20.19048611420326, ""storage"": {""total"": 11239612.522303134, ""used"": 68.56806168821517}, ""total_flight_distance"": 94.0596056313645, ""total_flight_sorties"": 16, ""total_flight_time"": 362.4714740014904, ""track_id"": """", ""vertical_speed"": -4.0762984228920605, ""wind_direction"": 245, ""wind_speed"": 13.833783154881454}"
thing/product/drone026/osd,"{""elevation"": 0.3604950324527778, ""gear"": 2, ""height"": 38.20072957860545, ""height_limit"": 70, ""home_distance"": 0.5195488437341416, ""horizontal_speed"": 12.98223165596517, ""is_near_area_limit"": 1, ""is_near_height_limit"": 0, ""latitude"": 31.98070484860813, ""longitude"": 35.83557588306616, ""rc_lost_action"": 1, ""rid_state"": true, ""rth_altitude"": 21.134063009192186, ""storage"": {""total"": 56973555.66946412, ""used"": 1326.3938999776892}, ""total_flight_distance"": 342.7192109213616, ""total_flight_sorties"": 2, ""total_flight_time"": 707.5737806043226, ""track_id"": """", ""vertical_speed"": -2.548710804364088, ""wind_direction"": 148, ""wind_speed"": 8.008868632334782}"
thing/product/drone027/osd,"{""elevation"": 6.964824365558625, ""gear"": 3, ""height"": 10.986433030590092, ""height_limit"": 70, ""home_distance"": 0.9723609799921282, ""horizontal_speed"": 14.363714483743324, ""is_near_area_limit"": 1, ""is_near_height_limit"": 0, ""latitude"": 31.987746669179884, ""longitude"": 35.82208542531365, ""rc_lost_action"": 0, ""rid_state"": false, ""rth_altitude"": 17.533910738282025, ""storage"": {""total"": 29888557.496127825, ""used"": 1504.0316558559828}, ""total_flight_distance"": 284.2465633318231, ""total_flight_sorties"": 5, ""total_flight_time"": 984.6485811821597, ""track_id"": """", ""vertical_speed"": 1.5860942624709704, ""wind_direction"": 247, ""wind_speed"": 4.122489383808173}"
thing/product/drone028/osd,"{""elevation"": 8.655847792851564, ""gear"": 3, ""height"": 24.94794553477824, ""height_limit"": 70, ""home_distance"": 0.855709762936519, ""horizontal_speed"": 0.11044846429620503, ""is_near_area_limit"": 0, ""is_near_height_limit"": 1, ""latitude"": 31.96997437703368, ""longitude"": 35.83556754130467, ""rc_lost_action"": 0, ""rid_state"": false, ""rth_altitude"": 22.81132623381421, ""storage"": {""total"": 34358632.144221365, ""used"": 530.955375622524}, ""total_flight_distance"": 136.7339872274631, ""total_flight_sorties"": 20, ""total_flight_time"": 254.309842434127, ""track_id"": """", ""vertical_speed"": -4.456265043126195, ""wind_direction"": 215, ""wind_speed"": 6.084689876872833}"
thing/product/drone029/osd,"{""elevation"": 6.3315841581122, ""gear"": 2, ""height"": 9.673125932392377, ""height_limit"": 70, ""home_distance"": 0.44144536475364227, ""horizontal_speed"": 11.223196626176657, ""is_near_area_limit"": 0, ""is_near_height_limit"": 1, ""latitude"": 31.972046348987725, ""longitude"": 35.82158363993683, ""rc_lost_action"": 1, ""rid_state"": false, ""rth_altitude"": 16.509194097433742, ""storage"": {""total"": 21932453.431110803, ""used"": 178.8523008221312}, ""total_flight_distance"": 129.079943950012, ""total_flight_sorties"": 14, ""total_flight_time"": 320.9247722906653, ""track_id"": """", ""vertical_speed"": 3.520006021804102, ""wind_direction"": 3, ""wind_speed"": 3.6371269130454476}"
thing/product/drone030/osd,"{""elevation"": 0.9407735916833548, ""gear"": 1, ""height"": 61.53278044082217, ""height_limit"": 70, ""home_distance"": 0.894620040462517, ""horizontal_speed"": 1.3268372407637252, ""is_near_area_limit"": 1, ""is_near_height_limit"": 1, ""latitude"": 31.97956474987691, ""longitude"": 35.83831938525914, ""rc_lost_action"": 2, ""rid_state"": false, ""rth_altitude"": 23.97944992439649, ""storage"": {""total"": 43703022.62754934, ""used"": 196.47859087886044}, ""total_flight_distance"": 256.0111030298285, ""total_flight_sorties"": 10, ""total_flight_time"": 320.9219658460142, ""track_id"": """", ""vertical_speed"": -0.5829911548464395, ""wind_direction"": 245, ""wind_speed"": 0.5988491659626138}"
thing/product/drone031/osd,"{""elevation"": 3.0308719644587088, ""gear"": 2, ""height"": 40.800795381138556, ""height_limit"": 70, ""home_distance"": 0.30833285512440345, ""horizontal_speed"": 12.38591501837288, ""is_near_area_limit"": 0, ""is_near_height_limit"": 1, ""latitude"": 31.982717723785132, ""longitude"": 35.838928945556304, ""rc_lost_action"": 2, ""rid_state"": true, ""rth_altitude"": 23.992274417268213, ""storage"": {""total"": 23984479.830893744, ""used"": 1841.0845194608457}, ""total_flight_distance"": 520.0961927345609, ""total_flight_sorties"": 13, ""total_flight_time"": 105.86005872401417, ""track_id"": """", ""vertical_speed"": -3.7966768330672918, ""wind_direction"": 144, ""wind_speed"": 0.3384896540517457}"
thing/product/drone032/osd,"{""elevation"": 6.918409111136164, ""gear"": 0, ""height"": 17.502907814772783, ""height_limit"": 70, ""home_distance"": 0.7936203277939196, ""horizontal_speed"": 10.89859713128542, ""is_near_area_limit"": 1, ""is_near_height_limit"": 0, ""latitude"": 31.9798666964896, ""longitude"": 35.822897922640514, ""rc_lost_action"": 1, ""rid_state"": true, ""rth_altitude"": 20.314566792692492, ""storage"": {""total"": 11261421.578390518, ""used"": 73.76258886339015}, ""total_flight_distance"": 870.9325502399778, ""total_flight_sorties"": 9, ""total_flight_time"": 454.08982250299636, ""track_id"": """", ""vertical_speed"": -3.846185369572276, ""wind_direction"": 245, ""wind_speed"": 4.205611037830148}"
thing/product/drone033/osd,"{""elevation"": 0.48429524174603333, ""gear"": 0, ""height"": 14.90379001464697, ""height_limit"": 70, ""home_distance"": 0.9158030796642194, ""horizontal_speed"": 6.908183973083572, ""is_near_area_limit"": 1, ""is_near_height_limit"": 1, ""latitude"": 31.983948479747433, ""longitude"": 35.82937385370606, ""rc_lost_action"": 0, ""rid_state"": false, ""rth_altitude"": 15.307989235502689, ""storage"": {""total"": 59883456.45790642, ""used"": 1288.1198022093477}, ""total_flight_distance"": 273.6892976984896, ""total_flight_sorties"": 5, ""total_flight_time"": 84.29583002679475, ""track_id"": """", ""vertical_speed"": 1.436136090303859, ""wind_direction"": 347, ""wind_speed"": 17.959335565696456}"
thing/product/drone034/osd,"{""elevation"": 1.4864417124931706, ""gear"": 1, ""height"": 28.078536281502018, ""height_limit"": 70, ""home_distance"": 0.1167324582827548, ""horizontal_speed"": 2.407105091460447, ""is_near_area_limit"": 0, ""is_near_height_limit"": 0, ""latitude"": 31.98048693000911, ""longitude"": 35.83353887555863, ""rc_lost_action"": 1, ""rid_state"": true, ""rth_altitude"": 17.469809441849257, ""storage"": {""total"": 9041354.674409734, ""used"": 748.912607990222}, ""total_flight_distance"": 970.4927313473002, ""total_flight_sorties"": 15, ""total_flight_time"": 324.07908449375265, ""track_id"": """", ""vertical_speed"": -2.131408443963394, ""wind_direction"": 4, ""wind_speed"": 0.37707044274483126}"
thing/product/drone035/osd,"{""elevation"": 8.49371282040975, ""gear"": 2, ""height"": 53.418452614637744, ""height_limit"": 70, ""home_distance"": 0.59354931878095, ""horizontal_speed"": 11.433896403080015, ""is_near_area_limit"": 0, ""is_near_height_limit"": 1, ""latitude"": 31.980830143399377, ""longitude"": 35.83824429840501, ""rc_lost_action"": 1, ""rid_state"": false, ""rth_altitude"": 20.808546604330616, ""storage"": {""total"": 32700707.03042697, ""used"": 1073.2848144606007}, ""total_flight_distance"": 100.13846049793918, ""total_flight_sorties"": 19, ""total_flight_time"": 175.56384068391762, ""track_id"": """", ""vertical_speed"": 2.3074501262692326, ""wind_direction"": 353, ""wind_speed"": 6.612818043727975}"
thing/product/drone036/osd,"{""elevation"": 4.490176294388987, ""gear"": 2, ""height"": 40.25074469039978, ""height_limit"": 70, ""home_distance"": 0.3066164985699863, ""horizontal_speed"": 7.263858742776335, ""is_near_area_limit"": 0, ""is_near_height_limit"": 1, ""latitude"": 31.979319536318805, ""longitude"": 35.83634863672848, ""rc_lost_action"": 1, ""rid_state"": true, ""rth_altitude"": 23.463978295767937, ""storage"": {""total"": 51280136.45632259, ""used"": 1560.9531863337133}, ""total_flight_distance"": 890.6844014943681, ""total_flight_sorties"": 19, ""total_flight_time"": 20.944483755819142, ""track_id"": """", ""vertical_speed"": -1.3766209350827765, ""wind_direction"": 247, ""wind_speed"": 13.839082609463851}"
thing/product/drone037/osd,"{""elevation"": 9.039200117704622, ""gear"": 0, ""height"": 36.589563661299785, ""height_limit"": 70, ""home_distance"": 0.8556757884165876, ""horizontal_speed"": 0.29778342806305813, ""is_near_area_limit"": 1, ""is_near_height_limit"": 0, ""latitude"": 31.976112705836524, ""longitude"": 35.840763030689004, ""rc_lost_action"": 0, ""rid_state"": true, ""rth_altitude"": 21.427744463649372, ""storage"": {""total"": 55674668.587505125, ""used"": 358.1629504042105}, ""total_flight_distance"": 977.0551452408255, ""total_flight_sorties"": 10, ""total_flight_time"": 289.05483145219426, ""track_id"": """", ""vertical_speed"": -3.5599363648643347, ""wind_direction"": 83, ""wind_speed"": 8.73347961934115}"
thing/product/drone038/osd,"{""elevation"": 0.954187161315222, ""gear"": 0, ""height"": 7.379133427504399, ""height_limit"": 70, ""home_distance"": 0.9866724370162688, ""horizontal_speed"": 12.138067297167536, ""is_near_area_limit"": 0, ""is_near_height_limit"": 1, ""latitude"": 31.96946563270998, ""longitude"": 35.82633267997759, ""rc_lost_action"": 0, ""rid_state"": true, ""rth_altitude"": 22.992209657238792, ""storage"": {""total"": 29075512.995076586, ""used"": 790.7319580181424}, ""total_flight_distance"": 567.5645047380349, ""total_flight_sorties"": 15, ""total_flight_time"": 743.3806829431636, ""track_id"": """", ""vertical_speed"": 1.41619927483144, ""wind_direction"": 324, ""wind_speed"": 7.420706480487196}"
thing/product/drone039/osd,"{""elevation"": 7.035390426467379, ""gear"": 2, ""height"": 43.90627445249191, ""height_limit"": 70, ""home_distance"": 0.7583634329702168, ""horizontal_speed"": 11.283297003553322, ""is_near_area_limit"": 0, ""is_near_height_limit"": 1, ""latitude"": 31.984327649860248, ""longitude"": 35.836067772788304, ""rc_lost_action"": 2, ""rid_state"": false, ""rth_altitude"": 23.71233937138778, ""storage"": {""total"": 46497741.51411666, ""used"": 1014.2120547822558}, ""total_flight_distance"": 240.18832854210027, ""total_flight_sorties"": 0, ""total_flight_time"": 929.5002636607842, ""track_id"": """", ""vertical_speed"": 1.9706267201922305, ""wind_direction"": 222, ""wind_speed"": 5.43994945632088}"
thing/product/drone040/osd,"{""elevation"": 9.023584789312773, ""gear"": 1, ""height"": 13.551237898299101, ""height_limit"": 70, ""home_distance"": 0.4753867280301123, ""horizontal_speed"": 8.709360320747741, ""is_near_area_limit"": 1, ""is_near_height_limit"": 0, ""latitude"": 31.984547961694172, ""longitude"": 35.82827144292619, ""rc_lost_action"": 1, ""rid_state"": true, ""rth_altitude"": 16.896379157077437, ""storage"": {""total"": 6044891.251681737, ""used"": 464.84826375884916}, ""total_flight_distance"": 23.246979018701207, ""total_flight_sorties"": 20, ""total_flight_time"": 967.8331206611194, ""track_id"": """", ""vertical_speed"": 3.7255122962154594, ""wind_direction"": 56, ""wind_speed"": 5.480260679014856}"
thing/product/drone041/osd,"{""elevation"": 3.5116562048115973, ""gear"": 3, ""height"": 41.8140921936055, ""height_limit"": 70, ""home_distance"": 0.36932772626413046, ""horizontal_speed"": 2.8589600421552537, ""is_near_area_limit"": 1, ""is_near_height_limit"": 1, ""latitude"": 31.976862163888114, ""longitude"": 35.83906374286901, ""rc_lost_action"": 2, ""rid_state"": true, ""rth_altitude"": 20.12215306262727, ""storage"": {""total"": 14707910.975316072, ""used"": 1394.2517251838055}, ""total_flight_distance"": 548.2454074868265, ""total_flight_sorties"": 9, ""total_flight_time"": 214.2262348300771, ""track_id"": """", ""vertical_speed"": -1.8526899652819195, ""wind_direction"": 160, ""wind_speed"": 3.692754632129036}"
thing/product/drone042/osd,"{""elevation"": 4.217191554523007, ""gear"": 2, ""height"": 24.21200010880173, ""height_limit"": 70, ""home_distance"": 0.1917280726118865, ""horizontal_speed"": 3.779589443129658, ""is_near_area_limit"": 0, ""is_near_height_limit"": 1, ""latitude"": 31.97101298208792, ""longitude"": 35.83154035998413, ""rc_lost_action"": 1, ""rid_state"": false, ""rth_altitude"": 22.713548627427432, ""storage"": {""total"": 41813640.81356683, ""used"": 399.63201468136435}, ""total_flight_distance"": 515.7390552944266, ""total_flight_sorties"": 0, ""total_flight_time"": 313.9922728219573, ""track_id"": """", ""vertical_speed"": -2.962229548780847, ""wind_direction"": 39, ""wind_speed"": 7.550195816966381}"
thing/product/drone043/osd,"{""elevation"": 2.7088374891451297, ""gear"": 2, ""height"": 22.341958776924272, ""height_limit"": 70, ""home_distance"": 0.47976121756047896, ""horizontal_speed"": 1.4027219790871204, ""is_near_area_limit"": 1, ""is_near_height_limit"": 1, ""latitude"": 31.969817139130743, ""longitude"": 35.82264704760302, ""rc_lost_action"": 2, ""rid_state"": false, ""rth_altitude"": 24.211854691578033, ""storage"": {""total"": 31615137.55167093, ""used"": 1855.32686421948}, ""total_flight_distance"": 999.0655119145531, ""total_flight_sorties"": 7, ""total_flight_time"": 258.9938426051718, ""track_id"": """", ""vertical_speed"": 3.3975908359336984, ""wind_direction"": 339, ""wind_speed"": 19.904701735261987}"
thing/product/drone044/osd,"{""elevation"": 9.322165600495834, ""gear"": 1, ""height"": 35.8155292376812, ""height_limit"": 70, ""home_distance"": 0.741161812793606, ""horizontal_speed"": 10.108231056302321, ""is_near_area_limit"": 0, ""is_near_height_limit"": 1, ""latitude"": 31.971327747436476, ""longitude"": 35.83943791580558, ""rc_lost_action"": 0, ""rid_state"": false, ""rth_altitude"": 17.05883867720216, ""storage"": {""total"": 23084773.469576493, ""used"": 1143.517026243741}, ""total_flight_distance"": 77.8297652345049, ""total_flight_sorties"": 9, ""total_flight_time"": 34.53532329656217, ""track_id"": """", ""vertical_speed"": 1.407299541809648, ""wind_direction"": 171, ""wind_speed"": 14.096542428529972}"
thing/product/drone045/osd,"{""elevation"": 0.8041851351529916, ""gear"": 0, ""height"": 5.70400678486882, ""height_limit"": 70, ""home_distance"": 0.9590313097513117, ""horizontal_speed"": 12.627822870705334, ""is_near_area_limit"": 1, ""is_near_height_limit"": 1, ""latitude"": 31.96998959382538, ""longitude"": 35.828727686940766, ""rc_lost_action"": 1, ""rid_state"": true, ""rth_altitude"": 15.744191090978017, ""storage"": {""total"": 30273038.008855283, ""used"": 1688.6543921420337}, ""total_flight_distance"": 767.603049231399, ""total_flight_sorties"": 11, ""total_flight_time"": 54.68638663952075, ""track_id"": """", ""vertical_speed"": -2.104339996819661, ""wind_direction"": 145, ""wind_speed"": 19.638986287176877}"
thing/product/drone046/osd,"{""elevation"": 6.1138441425194126, ""gear"": 0, ""height"": 69.1461735697882, ""height_limit"": 70, ""home_distance"": 0.9510001684890088, ""horizontal_speed"": 12.331979960256307, ""is_near_area_limit"": 0, ""is_near_height_limit"": 1, ""latitude"": 31.977483672149297, ""longitude"": 35.83181631264639, ""rc_lost_action"": 1, ""rid_state"": true, ""rth_altitude"": 22.064977474462758, ""storage"": {""total"": 11634790.976277754, ""used"": 1697.3880360749692}, ""total_flight_distance"": 801.9654338650392, ""total_flight_sorties"": 13, ""total_flight_time"": 108.24884708162297, ""track_id"": """", ""vertical_speed"": -2.041214560034983, ""wind_direction"": 173, ""wind_speed"": 16.59607121697529}"
thing/product/drone047/osd,"{""elevation"": 7.648015943542374, ""gear"": 1, ""height"": 43.0975717398584, ""height_limit"": 70, ""home_distance"": 0.10011449011342255, ""horizontal_speed"": 0.6536646025991871, ""is_near_area_limit"": 0, ""is_near_height_limit"": 0, ""latitude"": 31.9815424328516, ""longitude"": 35.824527592905476, ""rc_lost_action"": 1, ""rid_state"": true, ""rth_altitude"": 15.775468938860909, ""storage"": {""total"": 17030043.74315132, ""used"": 1572.2471238623696}, ""total_flight_distance"": 505.7532470471476, ""total_flight_sorties"": 10, ""total_flight_time"": 417.8283983403296, ""track_id"": """", ""vertical_speed"": -3.5691654901569203, ""wind_direction"": 342, ""wind_speed"": 11.138008512617521}"
thing/product/drone048/osd,"{""elevation"": 1.7779961761599272, ""gear"": 1, ""height"": 36.26342988129796, ""height_limit"": 70, ""home_distance"": 0.2664136892547073, ""horizontal_speed"": 12.792227109395247, ""is_near_area_limit"": 1, ""is_near_height_limit"": 0, ""latitude"": 31.97045171964809, ""longitude"": 35.82659031944442, ""rc_lost_action"": 0, ""rid_state"": false, ""rth_altitude"": 19.07845242664007, ""storage"": {""total"": 12434141.255435105, ""used"": 782.3866008233293}, ""total_flight_distance"": 755.7723399056472, ""total_flight_sorties"": 14, ""total_flight_time"": 112.40015651206836, ""track_id"": """", ""vertical_speed"": 4.532726962128947, ""wind_direction"": 202, ""wind_speed"": 18.75062938018219}"
thing/product/drone049/osd,"{""elevation"": 3.3446730412229506, ""gear"": 3, ""height"": 2.7480874558639345, ""height_limit"": 70, ""home_distance"": 0.6754353394914283, ""horizontal_speed"": 9.347637224244355, ""is_near_area_limit"": 0, ""is_near_height_limit"": 1, ""latitude"": 31.986596263493716, ""longitude"": 35.82531922092008, ""rc_lost_action"": 0, ""rid_state"": true, ""rth_altitude"": 18.10322745840356, ""storage"": {""total"": 44800324.40366453, ""used"": 1385.9061865404872}, ""total_flight_distance"": 496.30238428748964, ""total_flight_sorties"": 8, ""total_flight_time"": 28.262388444064147, ""track_id"": """", ""vertical_speed"": 2.4448931239239036, ""wind_direction"": 63, ""wind_speed"": 6.741876746677957}"
thing/product/drone050/osd,"{""elevation"": 2.288822735635274, ""gear"": 1, ""height"": 68.45017684462242, ""height_limit"": 70, ""home_distance"": 0.7404452625611139, ""horizontal_speed"": 2.7866866135677033, ""is_near_area_limit"": 0, ""is_near_height_limit"": 0, ""latitude"": 31.986420179898946, ""longitude"": 35.825770183087926, ""rc_lost_action"": 0, ""rid_state"": true, ""rth_altitude"": 16.20543451028024, ""storage"": {""total"": 28396245.33428553, ""used"": 222.9056054708658}, ""total_flight_distance"": 80.17680761263146, ""total_flight_sorties"": 8, ""total_flight_time"": 580.8087295620766, ""track_id"": """", ""vertical_speed"": -3.814872252768798, ""wind_direction"": 196, ""wind_speed"": 3.6243033396620006}"
thing/product/drone051/osd,"{""elevation"": 3.012030930955245, ""gear"": 1, ""height"": 28.492164545351212, ""height_limit"": 70, ""home_distance"": 0.4528899838732323, ""horizontal_speed"": 2.0990480101281483, ""is_near_area_limit"": 1, ""is_near_height_limit"": 0, ""latitude"": 31.979996554888235, ""longitude"": 35.82378430303574, ""rc_lost_action"": 0, ""rid_state"": true, ""rth_altitude"": 15.37862491232036, ""storage"": {""total"": 45219371.528499335, ""used"": 577.9150308660547}, ""total_flight_distance"": 390.8046090997007, ""total_flight_sorties"": 1, ""total_flight_time"": 299.15073886073117, ""track_id"": """", ""vertical_speed"": -4.130577961224368, ""wind_direction"": 279, ""wind_speed"": 1.226337606650394}"
thing/product/drone052/osd,"{""elevation"": 9.59504250422398, ""gear"": 2, ""height"": 2.156614276421661, ""height_limit"": 70, ""home_distance"": 0.39638594739507427, ""horizontal_speed"": 6.703500280271458, ""is_near_area_limit"": 0, ""is_near_height_limit"": 0, ""latitude"": 31.981437367627937, ""longitude"": 35.82812579904693, ""rc_lost_action"": 1, ""rid_state"": false, ""rth_altitude"": 16.147651449285817, ""storage"": {""total"": 24948795.049427647, ""used"": 1785.7755328048888}, ""total_flight_distance"": 521.9096530323163, ""total_flight_sorties"": 6, ""total_flight_time"": 627.7139313954112, ""track_id"": """", ""vertical_speed"": 1.8159874639417293, ""wind_direction"": 42, ""wind_speed"": 11.239731338075034}"
thing/product/drone053/osd,"{""elevation"": 1.178122752486882, ""gear"": 0, ""height"": 19.11868370346759, ""height_limit"": 70, ""home_distance"": 0.08773973839459615, ""horizontal_speed"": 9.913505624179574, ""is_near_area_limit"": 0, ""is_near_height_limit"": 1, ""latitude"": 31.979025466926064, ""longitude"": 35.8362827063403, ""rc_lost_action"": 2, ""rid_state"": true, ""rth_altitude"": 15.686931054436165, ""storage"": {""total"": 40465629.7655342, ""used"": 1890.71532409903}, ""total_flight_distance"": 258.3047291786647, ""total_flight_sorties"": 16, ""total_flight_time"": 555.5263294095361, ""track_id"": """", ""vertical_speed"": 3.505091592135054, ""wind_direction"": 122, ""wind_speed"": 12.626929371207565}"
thing/product/drone054/osd,"{""elevation"": 0.4961322794242662, ""gear"": 0, ""height"": 53.19359686478187, ""height_limit"": 70, ""home_distance"": 0.2991144838911963, ""horizontal_speed"": 0.2625815005681853, ""is_near_area_limit"": 0, ""is_near_height_limit"": 1, ""latitude"": 31.97883897111755, ""longitude"": 35.8329847726057, ""rc_lost_action"": 0, ""rid_state"": false, ""rth_altitude"": 18.80495625513253, ""storage"": {""total"": 26815005.92904693, ""used"": 80.87798372836441}, ""total_flight_distance"": 170.90058507561213, ""total_flight_sorties"": 7, ""total_flight_time"": 965.7552143091733, ""track_id"": """", ""vertical_speed"": 0.5034869163477795, ""wind_direction"": 127, ""wind_speed"": 8.971594363731219}"
thing/product/drone055/osd,"{""elevation"": 7.370722037221752, ""gear"": 2, ""height"": 21.576367186140743, ""height_limit"": 70, ""home_distance"": 0.6585798438559223, ""horizontal_speed"": 5.16245602807334, ""is_near_area_limit"": 0, ""is_near_height_limit"": 0, ""latitude"": 31.971181977679485, ""longitude"": 35.82700973947654, ""rc_lost_action"": 1, ""rid_state"": false, ""rth_altitude"": 17.894915091298753, ""storage"": {""total"": 14435457.943223719, ""used"": 1714.5488197232069}, ""total_flight_distance"": 424.0752654810465, ""total_flight_sorties"": 12, ""total_flight_time"": 606.686172168103, ""track_id"": """", ""vertical_speed"": -2.849636092263582, ""wind_direction"": 29, ""wind_speed"": 10.19486311941505}"
thing/product/drone056/osd,"{""elevation"": 9.388367250968129, ""gear"": 2, ""height"": 15.902632788641322, ""height_limit"": 70, ""home_distance"": 0.5885304718087295, ""horizontal_speed"": 12.604617442378096, ""is_near_area_limit"": 1, ""is_near_height_limit"": 0, ""latitude"": 31.97944018126931, ""longitude"": 35.83690837370035, ""rc_lost_action"": 2, ""rid_state"": true, ""rth_altitude"": 16.032792443196527, ""storage"": {""total"": 45916330.78348491, ""used"": 155.4875570888623}, ""total_flight_distance"": 68.46172815383255, ""total_flight_sorties"": 2, ""total_flight_time"": 555.6776610442556, ""track_id"": """", ""vertical_speed"": 0.22263739055072396, ""wind_direction"": 13, ""wind_speed"": 3.694801940946526}"
thing/product/drone057/osd,"{""elevation"": 2.7041087492985785, ""gear"": 2, ""height"": 31.83910292961837, ""height_limit"": 70, ""home_distance"": 0.933002900691344, ""horizontal_speed"": 3.8288718794544567, ""is_near_area_limit"": 1, ""is_near_height_limit"": 1, ""latitude"": 31.987262760725645, ""longitude"": 35.82150042556391, ""rc_lost_action"": 1, ""rid_state"": true, ""rth_altitude"": 19.83548574541821, ""storage"": {""total"": 58001312.87737831, ""used"": 1811.0842065229792}, ""total_flight_distance"": 883.0395461095634, ""total_flight_sorties"": 0, ""total_flight_time"": 929.5104811001498, ""track_id"": """", ""vertical_speed"": 4.27725339532021, ""wind_direction"": 331, ""wind_speed"": 16.37272368959774}"
thing/product/drone058/osd,"{""elevation"": 1.93801193425429, ""gear"": 1, ""height"": 48.93176921777341, ""height_limit"": 70, ""home_distance"": 0.8623518811238308, ""horizontal_speed"": 3.123885076385381, ""is_near_area_limit"": 0, ""is_near_height_limit"": 0, ""latitude"": 31.968873236834536, ""longitude"": 35.83297451060623, ""rc_lost_action"": 1, ""rid_state"": false, ""rth_altitude"": 16.738313039691302, ""storage"": {""total"": 6114760.081170215, ""used"": 1839.4236181491965}, ""total_flight_distance"": 823.9442521424904, ""total_flight_sorties"": 4, ""total_flight_time"": 604.4695348682558, ""track_id"": """", ""vertical_speed"": 2.945993106725177, ""wind_direction"": 172, ""wind_speed"": 8.865004148664408}"
thing/product/drone059/osd,"{""elevation"": 2.546958521803677, ""gear"": 3, ""height"": 12.184080539318229, ""height_limit"": 70, ""home_distance"": 0.5287012861622622, ""horizontal_speed"": 13.900469983708795, ""is_near_area_limit"": 0, ""is_near_height_limit"": 0, ""latitude"": 31.98544732607811, ""longitude"": 35.840609250361446, ""rc_lost_action"": 1, ""rid_state"": false, ""rth_altitude"": 16.722067594614426, ""storage"": {""total"": 53676389.37027948, ""used"": 1940.4707143655319}, ""total_flight_distance"": 635.6515166393016, ""total_flight_sorties"": 16, ""total_flight_time"": 531.2509084507794, ""track_id"": """", ""vertical_speed"": -1.2299448150915904, ""wind_direction"": 106, ""wind_speed"": 11.972989363282982}"
thing/product/drone060/osd,"{""elevation"": 2.568820148870934, ""gear"": 3, ""height"": 24.20793675221988, ""height_limit"": 70, ""home_distance"": 0.2158147955965657, ""horizontal_speed"": 10.433729942293535, ""is_near_area_limit"": 1, ""is_near_height_limit"": 1, ""latitude"": 31.984208199146405, ""longitude"": 35.82838356690919, ""rc_lost_action"": 2, ""rid_state"": false, ""rth_altitude"": 17.067501991060794, ""storage"": {""total"": 36256349.99005847, ""used"": 1937.3627315000615}, ""total_flight_distance"": 875.2230284679479, ""total_flight_sorties"": 20, ""total_flight_time"": 868.0718429246177, ""track_id"": """", ""vertical_speed"": -0.2453820375855722, ""wind_direction"": 170, ""wind_speed"": 0.3868720315354146}"
thing/product/drone061/osd,"{""elevation"": 0.9721058242908942, ""gear"": 0, ""height"": 18.238209887783423, ""height_limit"": 70, ""home_distance"": 0.4362023174539792, ""horizontal_speed"": 5.591945785194209, ""is_near_area_limit"": 1, ""is_near_height_limit"": 0, ""latitude"": 31.984021961018595, ""longitude"": 35.8348223897115, ""rc_lost_action"": 1, ""rid_state"": false, ""rth_altitude"": 23.68535022533471, ""storage"": {""total"": 10214816.62894299, ""used"": 678.6170686836504}, ""total_flight_distance"": 236.07370910776504, ""total_flight_sorties"": 3, ""total_flight_time"": 875.0426422788829, ""track_id"": """", ""vertical_speed"": 1.8563580606193772, ""wind_direction"": 192, ""wind_speed"": 1.7798539154795745}"
thing/product/drone062/osd,"{""elevation"": 9.209622286755959, ""gear"": 2, ""height"": 36.81241408391989, ""height_limit"": 70, ""home_distance"": 0.27455600437352023, ""horizontal_speed"": 1.1380546447206448, ""is_near_area_limit"": 0, ""is_near_height_limit"": 0, ""latitude"": 31.97285031117361, ""longitude"": 35.826299588049366, ""rc_lost_action"": 0, ""rid_state"": true, ""rth_altitude"": 22.579140958631854, ""storage"": {""total"": 17414368.79123203, ""used"": 1923.486747495357}, ""total_flight_distance"": 126.37099409819486, ""total_flight_sorties"": 8, ""total_flight_time"": 799.3193731971464, ""track_id"": """", ""vertical_speed"": 0.24361105464611654, ""wind_direction"": 85, ""wind_speed"": 15.509278491760494}"
thing/product/drone063/osd,"{""elevation"": 3.7854578612558063, ""gear"": 3, ""height"": 69.67334739804572, ""height_limit"": 70, ""home_distance"": 0.9143431298721166, ""horizontal_speed"": 7.434121979035137, ""is_near_area_limit"": 0, ""is_near_height_limit"": 1, ""latitude"": 31.979229312432505, ""longitude"": 35.830297023868646, ""rc_lost_action"": 1, ""rid_state"": false, ""rth_altitude"": 24.180167908514385, ""storage"": {""total"": 42114201.32243187, ""used"": 154.30244341184385}, ""total_flight_distance"": 211.83586996846205, ""total_flight_sorties"": 16, ""total_flight_time"": 128.2790071377129, ""track_id"": """", ""vertical_speed"": 4.620186270086693, ""wind_direction"": 66, ""wind_speed"": 2.8434056497253413}"
thing/product/drone064/osd,"{""elevation"": 3.889516821277408, ""gear"": 0, ""height"": 23.352896199268685, ""height_limit"": 70, ""home_distance"": 0.9253421354173119, ""horizontal_speed"": 2.5963769861961605, ""is_near_area_limit"": 0, ""is_near_height_limit"": 0, ""latitude"": 31.978226743763983, ""longitude"": 35.83823261877538, ""rc_lost_action"": 0, ""rid_state"": false, ""rth_altitude"": 22.207153345960865, ""storage"": {""total"": 48915721.51407266, ""used"": 39.511816622995966}, ""total_flight_distance"": 386.8375933446867, ""total_flight_sorties"": 18, ""total_flight_time"": 718.973680032241, ""track_id"": """", ""vertical_speed"": 0.9233095930409867, ""wind_direction"": 1, ""wind_speed"": 13.377209779580614}"
thing/product/drone065/osd,"{""elevation"": 3.0072012647870103, ""gear"": 3, ""height"": 5.352139652569426, ""height_limit"": 70, ""home_distance"": 0.9065005366887435, ""horizontal_speed"": 9.361099334157904, ""is_near_area_limit"": 1, ""is_near_height_limit"": 0, ""latitude"": 31.983594785909602, ""longitude"": 35.828385886425984, ""rc_lost_action"": 0, ""rid_state"": false, ""rth_altitude"": 17.07120835163626, ""storage"": {""total"": 34814088.01150105, ""used"": 1820.6118816744354}, ""total_flight_distance"": 57.92920781049704, ""total_flight_sorties"": 20, ""total_flight_time"": 441.2380747227689, ""track_id"": """", ""vertical_speed"": -2.46416872452377, ""wind_direction"": 0, ""wind_speed"": 18.265649890735236}"
thing/product/drone066/osd,"{""elevation"": 4.788941251862137, ""gear"": 1, ""height"": 30.295049522118497, ""height_limit"": 70, ""home_distance"": 0.655679445349858, ""horizontal_speed"": 14.74562434175503, ""is_near_area_limit"": 0, ""is_near_height_limit"": 0, ""latitude"": 31.977551467771388, ""longitude"": 35.832866555262434, ""rc_lost_action"": 1, ""rid_state"": true, ""rth_altitude"": 24.038264611134124, ""storage"": {""total"": 30135573.710511968, ""used"": 983.4708801996927}, ""total_flight_distance"": 635.4961675268797, ""total_flight_sorties"": 12, ""total_flight_time"": 49.61465369821838, ""track_id"": """", ""vertical_speed"": -3.6449829525925272, ""wind_direction"": 174, ""wind_speed"": 8.036646584565968}"
thing/product/drone067/osd,"{""elevation"": 7.902674672244396, ""gear"": 0, ""height"": 13.131237671881467, ""height_limit"": 70, ""home_distance"": 0.6981627762068024, ""horizontal_speed"": 3.7148492195128897, ""is_near_area_limit"": 1, ""is_near_height_limit"": 1, ""latitude"": 31.98266292843602, ""longitude"": 35.825897285051084, ""rc_lost_action"": 1, ""rid_state"": true, ""rth_altitude"": 18.697986506153107, ""storage"": {""total"": 54490190.244662635, ""used"": 1212.3854532505266}, ""total_flight_distance"": 545.2252710244969, ""total_flight_sorties"": 6, ""total_flight_time"": 751.9282463295862, ""track_id"": """", ""vertical_speed"": -2.17099797566065, ""wind_direction"": 45, ""wind_speed"": 12.246953166334505}"
thing/product/drone068/osd,"{""elevation"": 2.5067771374297876, ""gear"": 2, ""height"": 64.21929349311142, ""height_limit"": 70, ""home_distance"": 0.727639678107706, ""horizontal_speed"": 2.2710210933307886, ""is_near_area_limit"": 1, ""is_near_height_limit"": 1, ""latitude"": 31.984884189896615, ""longitude"": 35.826495387182206, ""rc_lost_action"": 2, ""rid_state"": false, ""rth_altitude"": 20.62226552931165, ""storage"": {""total"": 19477572.969969053, ""used"": 1255.5433528085437}, ""total_flight_distance"": 611.9055145325405, ""total_flight_sorties"": 18, ""total_flight_time"": 404.2989864197628, ""track_id"": """", ""vertical_speed"": 2.8383785480762764, ""wind_direction"": 188, ""wind_speed"": 3.81014974046451}"
thing/product/drone069/osd,"{""elevation"": 1.4513225106565697, ""gear"": 3, ""height"": 1.4979493245854092, ""height_limit"": 70, ""home_distance"": 0.7094837595160234, ""horizontal_speed"": 6.506386542322521, ""is_near_area_limit"": 1, ""is_near_height_limit"": 1, ""latitude"": 31.97170330384763, ""longitude"": 35.84030719850724, ""rc_lost_action"": 1, ""rid_state"": false, ""rth_altitude"": 22.076852241818933, ""storage"": {""total"": 25864116.971451007, ""used"": 1593.7024794084982}, ""total_flight_distance"": 298.0113577340493, ""total_flight_sorties"": 20, ""total_flight_time"": 179.15643880193778, ""track_id"": """", ""vertical_speed"": 4.829086876782849, ""wind_direction"": 90, ""wind_speed"": 0.04310067417592878}"
thing/product/drone070/osd,"{""elevation"": 9.780790334152243, ""gear"": 2, ""height"": 25.895437962827774, ""height_limit"": 70, ""home_distance"": 0.05344009340600964, ""horizontal_speed"": 14.597041462198682, ""is_near_area_limit"": 1, ""is_near_height_limit"": 1, ""latitude"": 31.979562265769264, ""longitude"": 35.829201989746835, ""rc_lost_action"": 1, ""rid_state"": false, ""rth_altitude"": 19.26849438709449, ""storage"": {""total"": 46867575.37809842, ""used"": 1667.2883282156022}, ""total_flight_distance"": 328.9058712674223, ""total_flight_sorties"": 18, ""total_flight_time"": 831.5548854375409, ""track_id"": """", ""vertical_speed"": -0.26639040538308834, ""wind_direction"": 333, ""wind_speed"": 6.9968188445928625}"
thing/product/drone071/osd,"{""elevation"": 1.1383014070042274, ""gear"": 1, ""height"": 6.635691967286, ""height_limit"": 70, ""home_distance"": 0.27305336384546175, ""horizontal_speed"": 1.85908523448717, ""is_near_area_limit"": 1, ""is_near_height_limit"": 0, ""latitude"": 31.97196767981842, ""longitude"": 35.831283953428354, ""rc_lost_action"": 1, ""rid_state"": true, ""rth_altitude"": 24.931211205072543, ""storage"": {""total"": 60199863.55499962, ""used"": 1448.695753139306}, ""total_flight_distance"": 722.6536269272171, ""total_flight_sorties"": 10, ""total_flight_time"": 510.41344920196417, ""track_id"": """", ""vertical_speed"": 4.623105975888329, ""wind_direction"": 344, ""wind_speed"": 8.414635089047035}"
thing/product/drone072/osd,"{""elevation"": 2.95921982458398, ""gear"": 2, ""height"": 59.946873212177636, ""height_limit"": 70, ""home_distance"": 0.0213032029760033, ""horizontal_speed"": 11.408768455026939, ""is_near_area_limit"": 1, ""is_near_height_limit"": 1, ""latitude"": 31.980017392414574, ""longitude"": 35.832591420434895, ""rc_lost_action"": 2, ""rid_state"": false, ""rth_altitude"": 21.56097683644591, ""storage"": {""total"": 29578496.298568223, ""used"": 1537.5817909714176}, ""total_flight_distance"": 726.9241440951123, ""total_flight_sorties"": 13, ""total_flight_time"": 676.0222238014863, ""track_id"": """", ""vertical_speed"": 3.7463615820393503, ""wind_direction"": 270, ""wind_speed"": 12.42972525107389}"
thing/product/drone073/osd,"{""elevation"": 9.679624218825682, ""gear"": 2, ""height"": 8.150836148532093, ""height_limit"": 70, ""home_distance"": 0.4711962471796364, ""horizontal_speed"": 14.646031616897252, ""is_near_area_limit"": 0, ""is_near_height_limit"": 0, ""latitude"": 31.968353472118963, ""longitude"": 35.83880859540354, ""rc_lost_action"": 0, ""rid_state"": true, ""rth_altitude"": 23.51201845640126, ""storage"": {""total"": 21795365.190157924, ""used"": 1282.561268201608}, ""total_flight_distance"": 598.3887017390333, ""total_flight_sorties"": 15, ""total_flight_time"": 559.2142711885687, ""track_id"": """", ""vertical_speed"": -0.17082062743146853, ""wind_direction"": 1, ""wind_speed"": 4.5359778095752645}"
thing/product/drone074/osd,"{""elevation"": 6.054838885913721, ""gear"": 3, ""height"": 17.861438504332884, ""height_limit"": 70, ""home_distance"": 0.7793006653317661, ""horizontal_speed"": 9.47820961597495, ""is_near_area_limit"": 1, ""is_near_height_limit"": 0, ""latitude"": 31.97904610268861, ""longitude"": 35.82671479684062, ""rc_lost_action"": 2, ""rid_state"": true, ""rth_altitude"": 15.409448324130832, ""storage"": {""total"": 40503301.72406155, ""used"": 820.0214513979558}, ""total_flight_distance"": 625.9111744434744, ""total_flight_sorties"": 10, ""total_flight_time"": 182.7971581892853, ""track_id"": """", ""vertical_speed"": -0.22650669644752242, ""wind_direction"": 189, ""wind_speed"": 11.753155589734263}"
thing/product/drone075/osd,"{""elevation"": 8.29292169049323, ""gear"": 2, ""height"": 16.41209573508264, ""height_limit"": 70, ""home_distance"": 0.7815080492913798, ""horizontal_speed"": 13.469401031127427, ""is_near_area_limit"": 1, ""is_near_height_limit"": 0, ""latitude"": 31.985831675281148, ""longitude"": 35.82801234104571, ""rc_lost_action"": 0, ""rid_state"": true, ""rth_altitude"": 21.58651781603544, ""storage"": {""total"": 34228834.82961107, ""used"": 1501.1846801123866}, ""total_flight_distance"": 71.37197948857354, ""total_flight_sorties"": 18, ""total_flight_time"": 676.1206684450807, ""track_id"": """", ""vertical_speed"": -1.6827122410404716, ""wind_direction"": 256, ""wind_speed"": 0.686809113825475}"
thing/product/drone076/osd,"{""elevation"": 4.405203625074803, ""gear"": 3, ""height"": 26.646845763402517, ""height_limit"": 70, ""home_distance"": 0.6059717595091204, ""horizontal_speed"": 3.343161525628211, ""is_near_area_limit"": 0, ""is_near_height_limit"": 0, ""latitude"": 31.977207076462953, ""longitude"": 35.82566216429524, ""rc_lost_action"": 2, ""rid_state"": false, ""rth_altitude"": 20.38324413405391, ""storage"": {""total"": 29591196.82979512, ""used"": 763.0918240690296}, ""total_flight_distance"": 100.79901557637783, ""total_flight_sorties"": 11, ""total_flight_time"": 152.53526362503632, ""track_id"": """", ""vertical_speed"": -1.4214557617749501, ""wind_direction"": 60, ""wind_speed"": 18.571380165145698}"
thing/product/drone077/osd,"{""elevation"": 9.64060445193706, ""gear"": 0, ""height"": 22.03820652564758, ""height_limit"": 70, ""home_distance"": 0.8135728045814772, ""horizontal_speed"": 2.0777871444450375, ""is_near_area_limit"": 1, ""is_near_height_limit"": 0, ""latitude"": 31.980366077759665, ""longitude"": 35.83847123915712, ""rc_lost_action"": 0, ""rid_state"": true, ""rth_altitude"": 24.67649047468118, ""storage"": {""total"": 28766507.92560735, ""used"": 735.2857452208252}, ""total_flight_distance"": 278.12304565275014, ""total_flight_sorties"": 17, ""total_flight_time"": 534.9736563819039, ""track_id"": """", ""vertical_speed"": 1.1869982656089206, ""wind_direction"": 107, ""wind_speed"": 15.47635705166515}"
thing/product/drone078/osd,"{""elevation"": 3.2619685296152854, ""gear"": 2, ""height"": 61.9091681081654, ""height_limit"": 70, ""home_distance"": 0.1820137693570104, ""horizontal_speed"": 14.310081616788272, ""is_near_area_limit"": 1, ""is_near_height_limit"": 1, ""latitude"": 31.973767007712116, ""longitude"": 35.8367987813769, ""rc_lost_action"": 0, ""rid_state"": true, ""rth_altitude"": 17.872345638178977, ""storage"": {""total"": 17892102.219387367, ""used"": 1593.6934161513036}, ""total_flight_distance"": 107.81258295646612, ""total_flight_sorties"": 0, ""total_flight_time"": 316.4115476395938, ""track_id"": """", ""vertical_speed"": 0.13470403639606854, ""wind_direction"": 197, ""wind_speed"": 11.876291042636558}"
thing/product/drone079/osd,"{""elevation"": 5.978027689875281, ""gear"": 1, ""height"": 10.066523389526601, ""height_limit"": 70, ""home_distance"": 0.2692598464340499, ""horizontal_speed"": 13.804864632755995, ""is_near_area_limit"": 1, ""is_near_height_limit"": 1, ""latitude"": 31.972418594946497, ""longitude"": 35.83409242675806, ""rc_lost_action"": 2, ""rid_state"": true, ""rth_altitude"": 22.17834135348123, ""storage"": {""total"": 13595603.504103413, ""used"": 1380.8589812990344}, ""total_flight_distance"": 134.08439259419157, ""total_flight_sorties"": 18, ""total_flight_time"": 40.14496320029626, ""track_id"": """", ""vertical_speed"": -1.294152896957359, ""wind_direction"": 276, ""wind_speed"": 9.40233160715632}"
thing/product/drone080/osd,"{""elevation"": 4.900346822388165, ""gear"": 1, ""height"": 64.96970439412411, ""height_limit"": 70, ""home_distance"": 0.5820352247631713, ""horizontal_speed"": 10.203495769735587, ""is_near_area_limit"": 0, ""is_near_height_limit"": 1, ""latitude"": 31.981328075759667, ""longitude"": 35.833133852303035, ""rc_lost_action"": 2, ""rid_state"": false, ""rth_altitude"": 22.371394427411428, ""storage"": {""total"": 25869225.035172477, ""used"": 1492.4234675872094}, ""total_flight_distance"": 126.85402444915495, ""total_flight_sorties"": 7, ""total_flight_time"": 247.9894381257618, ""track_id"": """", ""vertical_speed"": -2.965584066471032, ""wind_direction"": 137, ""wind_speed"": 14.99170201127886}"
thing/product/drone081/osd,"{""elevation"": 4.576161140834287, ""gear"": 0, ""height"": 36.30806274084044, ""height_limit"": 70, ""home_distance"": 0.2952449508522429, ""horizontal_speed"": 9.286383336508306, ""is_near_area_limit"": 0, ""is_near_height_limit"": 0, ""latitude"": 31.96813048453283, ""longitude"": 35.827150261633044, ""rc_lost_action"": 0, ""rid_state"": true, ""rth_altitude"": 18.324601456430955, ""storage"": {""total"": 28659293.958820473, ""used"": 1620.3573125555663}, ""total_flight_distance"": 19.35448204751067, ""total_flight_sorties"": 8, ""total_flight_time"": 966.7296084266893, ""track_id"": """", ""vertical_speed"": -4.379320346553386, ""wind_direction"": 47, ""wind_speed"": 12.773459866487162}"
thing/product/drone082/osd,"{""elevation"": 3.8771374325658146, ""gear"": 2, ""height"": 2.921980352823529, ""height_limit"": 70, ""home_distance"": 0.7287154408604313, ""horizontal_speed"": 3.5614543072282197, ""is_near_area_limit"": 0, ""is_near_height_limit"": 0, ""latitude"": 31.98092346663406, ""longitude"": 35.83361993054029, ""rc_lost_action"": 0, ""rid_state"": false, ""rth_altitude"": 20.654309407182282, ""storage"": {""total"": 16988577.920671627, ""used"": 153.73939059960117}, ""total_flight_distance"": 329.3612073490835, ""total_flight_sorties"": 5, ""total_flight_time"": 806.195071209022, ""track_id"": """", ""vertical_speed"": 0.0775331317787078, ""wind_direction"": 225, ""wind_speed"": 18.209403687770727}"
thing/product/drone083/osd,"{""elevation"": 7.833591030808844, ""gear"": 0, ""height"": 31.87644294792401, ""height_limit"": 70, ""home_distance"": 0.04217085261556042, ""horizontal_speed"": 3.537560741613914, ""is_near_area_limit"": 1, ""is_near_height_limit"": 1, ""latitude"": 31.975268873422085, ""longitude"": 35.82176376033316, ""rc_lost_action"": 0, ""rid_state"": false, ""rth_altitude"": 17.88675756093744, ""storage"": {""total"": 37601713.68494273, ""used"": 544.3682078630694}, ""total_flight_distance"": 338.2473611879285, ""total_flight_sorties"": 18, ""total_flight_time"": 263.2383634715173, ""track_id"": """", ""vertical_speed"": 3.710473860273579, ""wind_direction"": 7, ""wind_speed"": 9.659547559061698}"
thing/product/drone084/osd,"{""elevation"": 4.184166687761853, ""gear"": 3, ""height"": 53.9635342109901, ""height_limit"": 70, ""home_distance"": 0.6340245337596994, ""horizontal_speed"": 8.106912181692238, ""is_near_area_limit"": 0, ""is_near_height_limit"": 0, ""latitude"": 31.977613064236596, ""longitude"": 35.838543921490704, ""rc_lost_action"": 1, ""rid_state"": false, ""rth_altitude"": 19.96568505792946, ""storage"": {""total"": 17980321.668035164, ""used"": 206.2529198077192}, ""total_flight_distance"": 398.8125325408878, ""total_flight_sorties"": 5, ""total_flight_time"": 213.01072123615128, ""track_id"": """", ""vertical_speed"": 3.6779263688173565, ""wind_direction"": 118, ""wind_speed"": 15.572837767122916}"
thing/product/drone085/osd,"{""elevation"": 5.794667237467203, ""gear"": 0, ""height"": 3.4950168263613604, ""height_limit"": 70, ""home_distance"": 0.528899023991751, ""horizontal_speed"": 1.4069646907385018, ""is_near_area_limit"": 0, ""is_near_height_limit"": 1, ""latitude"": 31.981754240489607, ""longitude"": 35.82216430156869, ""rc_lost_action"": 2, ""rid_state"": true, ""rth_altitude"": 19.64442884868017, ""storage"": {""total"": 28536964.717518274, ""used"": 1745.1028176490856}, ""total_flight_distance"": 628.6446624607203, ""total_flight_sorties"": 10, ""total_flight_time"": 277.2915703022847, ""track_id"": """", ""vertical_speed"": -3.670176458412749, ""wind_direction"": 176, ""wind_speed"": 8.71277178590258}"
thing/product/drone086/osd,"{""elevation"": 8.872088206900086, ""gear"": 3, ""height"": 49.59083605137105, ""height_limit"": 70, ""home_distance"": 0.007355190305730286, ""horizontal_speed"": 6.919097944970412, ""is_near_area_limit"": 0, ""is_near_height_limit"": 0, ""latitude"": 31.97017026586387, ""longitude"": 35.829796665218296, ""rc_lost_action"": 0, ""rid_state"": false, ""rth_altitude"": 24.422781879000127, ""storage"": {""total"": 8360589.2555903485, ""used"": 1084.2677534621444}, ""total_flight_distance"": 270.3739580105623, ""total_flight_sorties"": 14, ""total_flight_time"": 119.91590902987525, ""track_id"": """", ""vertical_speed"": -2.4829165683412455, ""wind_direction"": 2, ""wind_speed"": 2.186731745285473}"
thing/product/drone087/osd,"{""elevation"": 0.6874553887151591, ""gear"": 3, ""height"": 57.36138198961503, ""height_limit"": 70, ""home_distance"": 0.8622087153832695, ""horizontal_speed"": 8.526715614783862, ""is_near_area_limit"": 0, ""is_near_height_limit"": 0, ""latitude"": 31.983881176061157, ""longitude"": 35.824907519223, ""rc_lost_action"": 2, ""rid_state"": false, ""rth_altitude"": 20.268323450839166, ""storage"": {""total"": 7645310.892142758, ""used"": 1468.3649249091654}, ""total_flight_distance"": 589.9472982468704, ""total_flight_sorties"": 20, ""total_flight_time"": 480.9913699486613, ""track_id"": """", ""vertical_speed"": -4.413162543678455, ""wind_direction"": 330, ""wind_speed"": 18.358116590139414}"
thing/product/drone088/osd,"{""elevation"": 4.442022498872759, ""gear"": 0, ""height"": 68.08789071670303, ""height_limit"": 70, ""home_distance"": 0.30550630627742315, ""horizontal_speed"": 13.436008440517483, ""is_near_area_limit"": 1, ""is_near_height_limit"": 1, ""latitude"": 31.969154908246985, ""longitude"": 35.830359069874724, ""rc_lost_action"": 0, ""rid_state"": true, ""rth_altitude"": 24.66702190581369, ""storage"": {""total"": 56953856.68906153, ""used"": 332.7758644431478}, ""total_flight_distance"": 602.8962163948987, ""total_flight_sorties"": 8, ""total_flight_time"": 240.5963606947532, ""track_id"": """", ""vertical_speed"": -1.8132715356729232, ""wind_direction"": 158, ""wind_speed"": 13.45797771202305}"
thing/product/drone089/osd,"{""elevation"": 9.760779673248138, ""gear"": 1, ""height"": 38.55153230251552, ""height_limit"": 70, ""home_distance"": 0.19521323080792752, ""horizontal_speed"": 5.726669869928741, ""is_near_area_limit"": 1, ""is_near_height_limit"": 1, ""latitude"": 31.984874730449107, ""longitude"": 35.82858854327125, ""rc_lost_action"": 0, ""rid_state"": true, ""rth_altitude"": 16.92223322414916, ""storage"": {""total"": 41226688.76887415, ""used"": 107.20862208909487}, ""total_flight_distance"": 130.52581747277625, ""total_flight_sorties"": 6, ""total_flight_time"": 203.6364601058106, ""track_id"": """", ""vertical_speed"": -2.004712507348352, ""wind_direction"": 54, ""wind_speed"": 7.6684255864810424}"
thing/product/drone090/osd,"{""elevation"": 9.457984169626709, ""gear"": 1, ""height"": 46.83353853206845, ""height_limit"": 70, ""home_distance"": 0.830209161747433, ""horizontal_speed"": 8.453020396242565, ""is_near_area_limit"": 1, ""is_near_height_limit"": 0, ""latitude"": 31.98501366187568, ""longitude"": 35.829454676385566, ""rc_lost_action"": 0, ""rid_state"": false, ""rth_altitude"": 22.971679094687083, ""storage"": {""total"": 19350366.513004135, ""used"": 1938.191670467671}, ""total_flight_distance"": 303.4165135005251, ""total_flight_sorties"": 16, ""total_flight_time"": 815.1044450507997, ""track_id"": """", ""vertical_speed"": 3.35776594850722, ""wind_direction"": 63, ""wind_speed"": 9.402960747968232}"
thing/product/drone091/osd,"{""elevation"": 1.0514005423764339, ""gear"": 0, ""height"": 40.2282268601605, ""height_limit"": 70, ""home_distance"": 0.9305817053051592, ""horizontal_speed"": 10.527965956216269, ""is_near_area_limit"": 1, ""is_near_height_limit"": 1, ""latitude"": 31.976935509749094, ""longitude"": 35.83201619331509, ""rc_lost_action"": 2, ""rid_state"": true, ""rth_altitude"": 16.771605255002, ""storage"": {""total"": 4744102.460448507, ""used"": 1499.0980722282227}, ""total_flight_distance"": 859.2861973240167, ""total_flight_sorties"": 6, ""total_flight_time"": 688.9056041836003, ""track_id"": """", ""vertical_speed"": -1.5631995701964896, ""wind_direction"": 224, ""wind_speed"": 18.07695499259225}"
thing/product/drone092/osd,"{""elevation"": 9.55195693635836, ""gear"": 2, ""height"": 34.131540152760635, ""height_limit"": 70, ""home_distance"": 0.5057508089376261, ""horizontal_speed"": 4.881762701334438, ""is_near_area_limit"": 1, ""is_near_height_limit"": 1, ""latitude"": 31.982892241369225, ""longitude"": 35.823262832011245, ""rc_lost_action"": 1, ""rid_state"": false, ""rth_altitude"": 20.1227776903643, ""storage"": {""total"": 35611807.0739572, ""used"": 1427.552194051139}, ""total_flight_distance"": 214.6915128650213, ""total_flight_sorties"": 16, ""total_flight_time"": 282.9872268126671, ""track_id"": """", ""vertical_speed"": -0.4530188237357464, ""wind_direction"": 153, ""wind_speed"": 10.440103795048529}"
thing/product/drone093/osd,"{""elevation"": 9.236280850659714, ""gear"": 1, ""height"": 60.4458637010635, ""height_limit"": 70, ""home_distance"": 0.017762437609640136, ""horizontal_speed"": 10.547790453602655, ""is_near_area_limit"": 1, ""is_near_height_limit"": 0, ""latitude"": 31.979119348049913, ""longitude"": 35.83951116423036, ""rc_lost_action"": 0, ""rid_state"": true, ""rth_altitude"": 22.070528759708395, ""storage"": {""total"": 37309950.02562029, ""used"": 1468.7391844341582}, ""total_flight_distance"": 641.78873220906, ""total_flight_sorties"": 12, ""total_flight_time"": 435.03465484473236, ""track_id"": """", ""vertical_speed"": -3.608443707865253, ""wind_direction"": 171, ""wind_speed"": 13.686733610637933}"
thing/product/drone094/osd,"{""elevation"": 5.7261135067970255, ""gear"": 1, ""height"": 16.924245924555432, ""height_limit"": 70, ""home_distance"": 0.687408561881217, ""horizontal_speed"": 3.8142585763233177, ""is_near_area_limit"": 0, ""is_near_height_limit"": 0, ""latitude"": 31.97381983929054, ""longitude"": 35.825432772534604, ""rc_lost_action"": 0, ""rid_state"": true, ""rth_altitude"": 19.35871346288274, ""storage"": {""total"": 7450430.747329763, ""used"": 741.1012575028442}, ""total_flight_distance"": 444.27857677112837, ""total_flight_sorties"": 17, ""total_flight_time"": 355.29481628092697, ""track_id"": """", ""vertical_speed"": 3.4220010576593562, ""wind_direction"": 70, ""wind_speed"": 14.963303201245528}"
thing/product/drone095/osd,"{""elevation"": 5.26715773753855, ""gear"": 2, ""height"": 46.56758763084618, ""height_limit"": 70, ""home_distance"": 0.16322123721542592, ""horizontal_speed"": 3.644859633228554, ""is_near_area_limit"": 1, ""is_near_height_limit"": 0, ""latitude"": 31.97570624117126, ""longitude"": 35.831471198944044, ""rc_lost_action"": 1, ""rid_state"": true, ""rth_altitude"": 21.19591416037654, ""storage"": {""total"": 41829755.609513015, ""used"": 1329.1641310406515}, ""total_flight_distance"": 23.984641712048173, ""total_flight_sorties"": 9, ""total_flight_time"": 529.0713655073797, ""track_id"": """", ""vertical_speed"": -3.3168523936474936, ""wind_direction"": 220, ""wind_speed"": 9.236228669017482}"
thing/product/drone096/osd,"{""elevation"": 6.654720869273892, ""gear"": 2, ""height"": 27.90999567012686, ""height_limit"": 70, ""home_distance"": 0.593911407883182, ""horizontal_speed"": 8.671616871519621, ""is_near_area_limit"": 0, ""is_near_height_limit"": 0, ""latitude"": 31.96830967040661, ""longitude"": 35.839751100323866, ""rc_lost_action"": 0, ""rid_state"": false, ""rth_altitude"": 24.40940559861074, ""storage"": {""total"": 7899675.5240595825, ""used"": 1515.4585342078694}, ""total_flight_distance"": 940.9508438618797, ""total_flight_sorties"": 1, ""total_flight_time"": 144.62562267181045, ""track_id"": """", ""vertical_speed"": 1.617147464221775, ""wind_direction"": 286, ""wind_speed"": 2.614174865847523}"
thing/product/drone097/osd,"{""elevation"": 0.5927882424768072, ""gear"": 2, ""height"": 10.884415429299457, ""height_limit"": 70, ""home_distance"": 0.3333565712701382, ""horizontal_speed"": 4.366847613915741, ""is_near_area_limit"": 1, ""is_near_height_limit"": 0, ""latitude"": 31.973832710963034, ""longitude"": 35.82912126844102, ""rc_lost_action"": 0, ""rid_state"": true, ""rth_altitude"": 16.05191144535374, ""storage"": {""total"": 35277660.54161001, ""used"": 980.3387232858236}, ""total_flight_distance"": 624.7053044200808, ""total_flight_sorties"": 8, ""total_flight_time"": 480.5084976232841, ""track_id"": """", ""vertical_speed"": 1.3641908885665819, ""wind_direction"": 138, ""wind_speed"": 12.050612887091175}"
thing/product/drone098/osd,"{""elevation"": 0.6980582551885406, ""gear"": 2, ""height"": 34.38503345602468, ""height_limit"": 70, ""home_distance"": 0.781243257868423, ""horizontal_speed"": 8.837835241216519, ""is_near_area_limit"": 1, ""is_near_height_limit"": 0, ""latitude"": 31.97508873152996, ""longitude"": 35.83607055158219, ""rc_lost_action"": 2, ""rid_state"": true, ""rth_altitude"": 16.341019542243743, ""storage"": {""total"": 55653042.79540034, ""used"": 1220.2251478434775}, ""total_flight_distance"": 240.05645684312594, ""total_flight_sorties"": 3, ""total_flight_time"": 308.3451111066726, ""track_id"": """", ""vertical_speed"": -2.6545115851920364, ""wind_direction"": 189, ""wind_speed"": 15.639187188250688}"
thing/product/drone099/osd,"{""elevation"": 4.755839141857223, ""gear"": 3, ""height"": 60.37074543625235, ""height_limit"": 70, ""home_distance"": 0.0815082521361924, ""horizontal_speed"": 14.712890004828893, ""is_near_area_limit"": 1, ""is_near_height_limit"": 0, ""latitude"": 31.9708287607324, ""longitude"": 35.82501639052836, ""rc_lost_action"": 0, ""rid_state"": false, ""rth_altitude"": 21.644734441135807, ""storage"": {""total"": 10276539.794777688, ""used"": 3.3780166259425037}, ""total_flight_distance"": 126.02998733521886, ""total_flight_sorties"": 8, ""total_flight_time"": 812.0935465601787, ""track_id"": """", ""vertical_speed"": -4.803711805748087, ""wind_direction"": 346, ""wind_speed"": 17.6546397421593}"
thing/product/drone100/osd,"{""elevation"": 7.847554139013891, ""gear"": 0, ""height"": 7.0938813102984986, ""height_limit"": 70, ""home_distance"": 0.05573169608541262, ""horizontal_speed"": 0.8817800613685939, ""is_near_area_limit"": 1, ""is_near_height_limit"": 1, ""latitude"": 31.97797379092924, ""longitude"": 35.82561960258417, ""rc_lost_action"": 1, ""rid_state"": false, ""rth_altitude"": 22.395896830558915, ""storage"": {""total"": 15907055.011394467, ""used"": 564.0428716278267}, ""total_flight_distance"": 153.92074943578382, ""total_flight_sorties"": 11, ""total_flight_time"": 829.2911022932938, ""track_id"": """", ""vertical_speed"": 4.248402913240152, ""wind_direction"": 73, ""wind_speed"": 1.524820719426232}"
